zone,sub_division,station,year,fatal_crashes,nonfatal_crashes,total_crashes,people_killed,people_injured
East,,Adugodi,2018,3,47,50,3.0,53.0
East,,Airport,2018,24,85,109,26.0,77.0
East,,Ashokanagar,2018,4,51,55,4.0,55.0
East,,Banasawadi,2018,21,108,129,21.0,133.0
East,,Cubbon Park,2018,2,52,54,2.0,53.0
East,,Electronic City,2018,27,133,160,29.0,115.0
East,,F.Town,2018,5,16,21,5.0,13.0
East,,H.Grounds,2018,2,58,60,2.0,51.0
East,,HSR Layout,2018,17,83,100,17.0,98.0
East,,Hulimavu,2018,30,106,136,33.0,118.0
East,,Indiranagar,2018,11,63,74,11.0,60.0
East,,K G Halli,2018,4,19,23,4.0,24.0
East,,K R Puram,2018,42,241,283,43.0,221.0
East,,Madivala,2018,18,64,82,18.0,69.0
East,,Micolayout,2018,6,58,64,6.0,58.0
East,,S.S.Nagar,2018,8,78,86,8.0,74.0
East,,Shivajinagar,2018,2,23,25,2.0,23.0
East,,U.Gate,2018,4,43,47,4.0,40.0
East,,Ulsoor,2018,12,69,81,12.0,67.0
East,,W.Garden,2018,6,46,52,6.0,44.0
East,,Whitefield,2018,24,150,174,24.0,164.0
North,,Chikkajala,2018,38,114,152,39.0,151.0
North,,Devanahalli,2018,39,122,161,45.0,189.0
North,,Hebbala,2018,32,106,138,33.0,113.0
North,,R T Nagar,2018,7,87,94,8.0,81.0
North,,Yalahanka,2018,46,175,221,48.0,189.0
West,,B.Pura,2018,17,100,117,18.0,104.0
West,,Banashankari,2018,8,92,100,8.0,83.0
West,,Basavanagudi,2018,3,67,70,3.0,60.0
West,,Chamarajpet,2018,4,38,42,4.0,38.0
West,,Chickpet,2018,10,44,54,10.0,48.0
West,,City Market,2018,2,18,20,2.0,17.0
West,,Jalahalli,2018,21,153,174,21.0,158.0
West,,Jayanagar,2018,9,72,81,9.0,71.0
West,,K.Swamy Lyt.,2018,33,157,190,35.0,141.0
West,,Kamakshipalya,2018,22,187,209,22.0,202.0
West,,Kengeri,2018,24,137,161,25.0,198.0
West,,Magadi Road,2018,1,34,35,1.0,31.0
West,,Malleshwaram,2018,5,96,101,5.0,85.0
West,,Peenya,2018,23,204,227,23.0,213.0
West,,Rajajinagar,2018,14,57,71,14.0,66.0
West,,Upparpet,2018,6,40,46,6.0,41.0
West,,Vijayanagar,2018,7,124,131,7.0,110.0
West,,Y.Pura,2018,20,131,151,20.0,130.0
East,,Adugodi,2019,6,56,62,6.0,55.0
East,,Airport,2019,16,68,84,16.0,59.0
East,,Ashokanagar,2019,6,58,64,6.0,55.0
East,,Banasawadi,2019,19,110,129,19.0,106.0
East,,Cubbon Park,2019,5,46,51,5.0,56.0
East,,Electronic City,2019,32,138,170,33.0,122.0
East,,F.Town,2019,10,20,30,10.0,17.0
East,,H.Grounds,2019,5,48,53,5.0,54.0
East,,HSR Layout,2019,25,81,106,25.0,109.0
East,,Hulimavu,2019,15,108,123,15.0,104.0
East,,Indiranagar,2019,14,94,108,14.0,92.0
East,,K G Halli,2019,7,22,29,7.0,21.0
East,,K R Puram,2019,49,220,269,50.0,230.0
East,,Madivala,2019,17,67,84,18.0,65.0
East,,Micolayout,2019,12,72,84,12.0,73.0
East,,S.S.Nagar,2019,6,52,58,6.0,54.0
East,,Shivajinagar,2019,7,27,34,7.0,22.0
East,,U.Gate,2019,2,51,53,2.0,49.0
East,,Ulsoor,2019,14,88,102,15.0,84.0
East,,W.Garden,2019,11,63,74,11.0,60.0
East,,Whitefield,2019,48,144,192,48.0,167.0
North,,Chikkajala,2019,41,154,195,44.0,191.0
North,,Devanahalli,2019,33,127,160,37.0,197.0
North,,Hebbala,2019,32,109,141,33.0,118.0
North,,R T Nagar,2019,11,63,74,12.0,56.0
North,,Yalahanka,2019,44,216,260,44.0,287.0
West,,B.Pura,2019,18,108,126,18.0,101.0
West,,Banashankari,2019,7,96,103,7.0,98.0
West,,Basavanagudi,2019,6,54,60,6.0,56.0
West,,Chamarajpet,2019,7,34,41,7.0,37.0
West,,Chickpet,2019,12,58,70,12.0,62.0
West,,City Market,2019,3,17,20,3.0,16.0
West,,Jalahalli,2019,21,86,107,22.0,104.0
West,,Jayanagar,2019,16,61,77,16.0,63.0
West,,K.Swamy Lyt.,2019,26,166,192,28.0,168.0
West,,Kamakshipalya,2019,25,194,219,27.0,207.0
West,,Kengeri,2019,26,145,171,27.0,178.0
West,,Magadi Road,2019,6,41,47,6.0,49.0
West,,Malleshwaram,2019,7,83,90,7.0,111.0
West,,Peenya,2019,33,183,216,34.0,185.0
West,,Rajajinagar,2019,10,45,55,10.0,51.0
West,,Upparpet,2019,10,37,47,10.0,37.0
West,,Vijayanagar,2019,9,113,122,9.0,111.0
West,,Y.Pura,2019,17,115,132,19.0,113.0
East,,Adugodi,2020,2,27,29,2.0,30.0
East,,Airport,2020,19,45,64,19.0,40.0
East,,Ashokanagar,2020,5,35,40,7.0,37.0
East,,Banasawadi,2020,15,76,91,16.0,68.0
East,,Cubbon Park,2020,2,24,26,2.0,28.0
East,,Electronic City,2020,31,124,155,31.0,109.0
East,,F.Town,2020,8,11,19,8.0,9.0
East,,H.Grounds,2020,6,39,45,6.0,34.0
East,,HSR Layout,2020,15,60,75,16.0,86.0
East,,Hulimavu,2020,16,64,80,16.0,74.0
East,,Indiranagar,2020,9,40,49,9.0,45.0
East,,K G Halli,2020,3,17,20,3.0,22.0
East,,K R Puram,2020,48,136,184,50.0,129.0
East,,Madivala,2020,11,34,45,11.0,35.0
East,,Micolayout,2020,10,51,61,10.0,42.0
East,,S.S.Nagar,2020,8,51,59,8.0,61.0
East,,Shivajinagar,2020,1,14,15,1.0,10.0
East,,U.Gate,2020,4,29,33,5.0,27.0
East,,Ulsoor,2020,14,37,51,14.0,41.0
East,,W.Garden,2020,3,34,37,3.0,29.0
East,,Whitefield,2020,21,92,113,22.0,99.0
North,,Chikkajala,2020,30,152,182,31.0,172.0
North,,Devanahalli,2020,25,88,113,27.0,133.0
North,,Hebbala,2020,28,81,109,28.0,99.0
North,,R T Nagar,2020,9,50,59,10.0,41.0
North,,Yalahanka,2020,40,155,195,45.0,169.0
West,,B.Pura,2020,19,87,106,20.0,68.0
West,,Banashankari,2020,12,55,67,12.0,54.0
West,,Basavanagudi,2020,6,46,52,6.0,42.0
West,,Chamarajpet,2020,6,23,29,6.0,25.0
West,,Chickpet,2020,6,30,36,6.0,28.0
West,,City Market,2020,3,6,9,3.0,6.0
West,,Jalahalli,2020,19,53,72,20.0,63.0
West,,Jayanagar,2020,15,39,54,15.0,46.0
West,,K.Swamy Lyt.,2020,37,122,159,39.0,130.0
West,,Kamakshipalya,2020,24,135,159,26.0,154.0
West,,Kengeri,2020,22,64,86,24.0,88.0
West,,Magadi Road,2020,4,21,25,4.0,18.0
West,,Malleshwaram,2020,8,37,45,8.0,34.0
West,,Peenya,2020,16,110,126,16.0,116.0
West,,Rajajinagar,2020,12,36,48,12.0,44.0
West,,Upparpet,2020,2,15,17,2.0,15.0
West,,Vijayanagar,2020,8,84,92,8.0,76.0
West,,Y.Pura,2020,20,85,105,20.0,84.0
East,,Adugodi,2021,2,17,19,8.0,20.0
East,,Airport,2021,34,109,143,35.0,113.0
East,,Ashokanagar,2021,5,37,42,5.0,48.0
East,,Banasawadi,2021,20,79,99,21.0,81.0
East,,Cubbon Park,2021,4,34,38,4.0,35.0
East,,Electronic City,2021,27,102,129,30.0,116.0
East,,F.Town,2021,10,9,19,10.0,7.0
East,,H.Grounds,2021,2,36,38,2.0,38.0
East,,HSR Layout,2021,15,41,56,15.0,49.0
East,,Hulimavu,2021,6,68,74,6.0,71.0
East,,Indiranagar,2021,5,27,32,5.0,28.0
East,,K G Halli,2021,5,17,22,5.0,18.0
East,,K R Puram,2021,17,47,64,18.0,48.0
East,,Madivala,2021,8,46,54,8.0,51.0
East,,Micolayout,2021,9,61,70,9.0,60.0
East,,S.S.Nagar,2021,4,60,64,4.0,51.0
East,,Shivajinagar,2021,3,8,11,3.0,5.0
East,,U.Gate,2021,3,22,25,3.0,26.0
East,,Ulsoor,2021,19,28,47,19.0,35.0
East,,W.Garden,2021,9,49,58,9.0,55.0
East,,Whitefield,2021,24,67,91,24.0,83.0
North,,Chikkajala,2021,32,157,189,40.0,191.0
North,,Devanahalli,2021,23,145,168,24.0,209.0
North,,Hebbala,2021,18,97,115,18.0,99.0
North,,R T Nagar,2021,10,55,65,10.0,50.0
North,,Yalahanka,2021,48,124,172,52.0,151.0
West,,B.Pura,2021,21,100,121,21.0,90.0
West,,Banashankari,2021,13,57,70,13.0,58.0
West,,Basavanagudi,2021,5,43,48,5.0,31.0
West,,Chamarajpet,2021,6,22,28,6.0,24.0
West,,Chickpet,2021,6,24,30,6.0,21.0
West,,City Market,2021,2,5,7,2.0,4.0
West,,Jalahalli,2021,22,68,90,23.0,80.0
West,,Jayanagar,2021,10,50,60,10.0,55.0
West,,K.Swamy Lyt.,2021,45,95,140,48.0,129.0
West,,Kamakshipalya,2021,33,124,157,34.0,117.0
West,,Kengeri,2021,22,85,107,24.0,82.0
West,,Magadi Road,2021,4,24,28,4.0,23.0
West,,Malleshwaram,2021,6,30,36,6.0,32.0
West,,Peenya,2021,22,103,125,22.0,113.0
West,,Rajajinagar,2021,14,52,66,14.0,58.0
West,,Upparpet,2021,4,17,21,4.0,18.0
West,,Vijayanagar,2021,8,86,94,8.0,96.0
West,,Y.Pura,2021,13,66,79,14.0,59.0
East,,Adugodi,2022,6,36,42,6.0,41.0
East,,Airport,2022,18,65,83,18.0,65.0
East,,Ashokanagar,2022,4,31,35,4.0,29.0
East,,Banasawadi,2022,22,94,116,22.0,118.0
East,,Cubbon Park,2022,4,33,37,5.0,31.0
East,,Electronic City,2022,26,113,139,26.0,128.0
East,,F.Town,2022,4,5,9,4.0,5.0
East,,H.Grounds,2022,4,45,49,4.0,33.0
East,,HSR Layout,2022,14,50,64,14.0,56.0
East,,Hulimavu,2022,10,103,113,11.0,93.0
East,,Indiranagar,2022,13,35,48,13.0,40.0
East,,K G Halli,2022,7,23,30,7.0,24.0
East,,K R Puram,2022,39,166,205,39.0,191.0
East,,Madivala,2022,13,32,45,13.0,30.0
East,,Micolayout,2022,11,42,53,11.0,44.0
East,,S.S.Nagar,2022,13,55,68,13.0,50.0
East,,Shivajinagar,2022,4,21,25,4.0,25.0
East,,U.Gate,2022,5,30,35,5.0,27.0
East,,Ulsoor,2022,13,63,76,14.0,80.0
East,,W.Garden,2022,6,48,54,7.0,51.0
East,,Whitefield,2022,39,127,166,39.0,127.0
North,,Chikkajala,2022,42,132,174,42.0,144.0
North,,Devanahalli,2022,30,124,154,31.0,164.0
North,,Hebbala,2022,29,72,101,30.0,88.0
North,,R T Nagar,2022,11,56,67,11.0,50.0
North,,Yalahanka,2022,53,151,204,56.0,154.0
West,,B.Pura,2022,39,122,161,40.0,110.0
West,,Banashankari,2022,16,51,67,17.0,55.0
West,,Basavanagudi,2022,7,78,85,7.0,59.0
West,,Chamarajpet,2022,7,44,51,7.0,46.0
West,,Chickpet,2022,7,33,40,7.0,32.0
West,,City Market,2022,3,15,18,3.0,14.0
West,,Jalahalli,2022,15,65,80,16.0,75.0
West,,Jayanagar,2022,8,85,93,8.0,89.0
West,,K.Swamy Lyt.,2022,34,141,175,36.0,159.0
West,,Kamakshipalya,2022,49,151,200,50.0,146.0
West,,Kengeri,2022,34,87,121,36.0,108.0
West,,Magadi Road,2022,4,16,20,4.0,17.0
West,,Malleshwaram,2022,6,50,56,6.0,45.0
West,,Peenya,2022,32,146,178,33.0,135.0
West,,Rajajinagar,2022,25,76,101,27.0,77.0
West,,Upparpet,2022,3,24,27,3.0,25.0
West,,Vijayanagar,2022,9,75,84,9.0,83.0
West,,Y.Pura,2022,13,61,74,13.0,55.0
East,Whitefield,Airport,2023,17,80,97,17.0,80.0
East,East,Banasawadi,2023,14,77,91,15.0,82.0
East,East,Halasooru,2023,11,56,67,11.0,48.0
East,East,Indiranagar,2023,12,73,85,12.0,62.0
East,East,K G Halli,2023,6,34,40,6.0,39.0
East,Whitefield,K R Puram,2023,41,213,254,42.0,217.0
East,Whitefield,Mahadevapura,2023,11,82,93,12.0,72.0
East,East,Pulikeshinagar,2023,4,23,27,4.0,24.0
East,East,Shivajinagar,2023,6,21,27,6.0,19.0
East,Whitefield,Whitefield,2023,43,180,223,44.0,163.0
North,North East,Chikkajala,2023,36,101,137,39.0,129.0
North,North East,Hebbala,2023,24,120,144,24.0,118.0
North,North East,Hennuru,2023,23,80,103,24.0,84.0
North,North East,Int. Aiport,2023,59,173,232,61.0,215.0
North,North,Jalahalli,2023,28,74,102,29.0,84.0
North,North,Malleshwaram,2023,18,81,99,18.0,88.0
North,North,Peenya,2023,32,160,192,32.0,191.0
North,North East,R T Nagar,2023,8,74,82,8.0,63.0
North,North,Rajajinagar,2023,16,86,102,17.0,82.0
North,North East,Yalahanka,2023,58,178,236,63.0,222.0
North,North,Yashawanthapura,2023,21,85,106,22.0,82.0
South,South East,Adugodi,2023,10,53,63,10.0,67.0
South,South,Banashankari,2023,15,75,90,15.0,66.0
South,South,Basavanagudi,2023,3,99,102,3.0,98.0
South,HSR Layout,Bellanduru,2023,9,34,43,9.0,34.0
South,South,Chamarajpet,2023,4,25,29,4.0,22.0
South,HSR Layout,Electronic City,2023,38,158,196,39.0,171.0
South,HSR Layout,HSR Layout,2023,16,40,56,17.0,56.0
South,South East,Hulimavu,2023,16,92,108,16.0,117.0
South,South,Jayanagar,2023,13,77,90,13.0,77.0
South,South,K S Layout,2023,18,136,154,18.0,137.0
South,South East,Madivala,2023,14,59,73,14.0,53.0
South,South East,Micolayout,2023,14,74,88,14.0,71.0
South,South,Thalagattapura,2023,22,67,89,26.0,69.0
West,Central,Ashokanagar,2023,6,32,38,6.0,30.0
West,West,Bytarayanapura,2023,19,163,182,19.0,125.0
West,West,Chickpet,2023,9,37,46,10.0,31.0
West,West,City Market,2023,9,23,32,9.0,28.0
West,Central,Cubbon Park,2023,2,54,56,2.0,41.0
West,Central,H.Grounds,2023,6,50,56,6.0,47.0
West,Vijayanagar,Kamakshipalya,2023,40,201,241,41.0,202.0
West,West,Kengeri,2023,58,221,279,59.0,237.0
West,Vijayanagar,Magadi Road,2023,7,43,50,7.0,42.0
West,Central,S.S.Nagar,2023,8,39,47,8.0,33.0
West,Central,U.Gate,2023,7,47,54,8.0,44.0
West,West,Upparpet,2023,9,20,29,9.0,18.0
West,Vijayanagar,Vijayanagar,2023,16,63,79,16.0,66.0
West,Central,W.Garden,2023,6,59,65,6.0,45.0
East,Whitefield,Airport,2024,22,74,96,,
East,East,Banasawadi,2024,6,59,65,,
East,East,Halasooru,2024,12,49,61,,
East,East,Indiranagar,2024,21,98,119,,
East,East,K G Halli,2024,7,47,54,,
East,Whitefield,K R Puram,2024,34,207,241,,
East,Whitefield,Mahadevapura,2024,17,89,106,,
East,East,Pulikeshinagar,2024,4,14,18,,
East,East,Shivajinagar,2024,4,30,34,,
East,Whitefield,Whitefield,2024,44,145,189,,
North,North,Chikkabanavara,2024,16,74,90,,
North,North East,Chikkajala,2024,32,108,140,,
North,North East,Hebbala,2024,29,148,177,,
North,North East,Hennuru,2024,32,95,127,,
North,North East,Int. Aiport,2024,60,180,240,,
North,North,Jalahalli,2024,15,54,69,,
North,North,Malleshwaram,2024,10,56,66,,
North,North,Peenya,2024,26,111,137,,
North,North East,R T Nagar,2024,7,54,61,,
North,North,Rajajinagar,2024,11,88,99,,
North,North East,Yalahanka,2024,56,186,242,,
North,North,Yashawanthapura,2024,25,73,98,,
South,South East,Adugodi,2024,5,45,50,,
South,South,Banashankari,2024,11,68,79,,
South,South,Basavanagudi,2024,8,82,90,,
South,HSR Layout,Bellanduru,2024,14,43,57,,
South,South,Chamarajpet,2024,0,15,15,,
South,HSR Layout,Electronic City,2024,42,136,178,,
South,HSR Layout,HSR Layout,2024,12,49,61,,
South,South East,Hulimavu,2024,10,61,71,,
South,South,Jayanagar,2024,12,73,85,,
South,South,K S Layout,2024,20,90,110,,
South,South East,Madivala,2024,21,81,102,,
South,South East,Micolayout,2024,23,73,96,,
South,South,Thalagattapura,2024,20,104,124,,
West,Central,Ashokanagar,2024,4,31,35,,
West,West,Bytarayanapura,2024,19,127,146,,
West,West,Chickpet,2024,8,33,41,,
West,West,City Market,2024,11,31,42,,
West,Central,Cubbon Park,2024,6,42,48,,
West,Central,H.Grounds,2024,7,48,55,,
West,West,Jnanabharathi,2024,22,119,141,,
West,Vijayanagar,Kamakshipalya,2024,18,126,144,,
West,West,Kengeri,2024,31,146,177,,
West,Vijayanagar,Magadi Road,2024,4,36,40,,
West,Central,S.S.Nagar,2024,5,48,53,,
West,Central,U.Gate,2024,6,62,68,,
West,West,Upparpet,2024,11,35,46,,
West,Vijayanagar,Vijayanagar,2024,6,52,58,,
West,Central,W.Garden,2024,6,53,59,,
East,Whitefield,Airport,2025,21,53,74,,
East,East,Banasawadi,2025,10,91,101,,
East,East,Halasooru,2025,8,35,43,,
East,East,Indiranagar,2025,24,74,98,,
East,East,K G Halli,2025,11,37,48,,
East,Whitefield,K R Puram,2025,34,233,267,,
East,Whitefield,Mahadevapura,2025,24,105,129,,
East,East,Pulikeshinagar,2025,10,9,19,,
East,East,Shivajinagar,2025,1,17,18,,
East,Whitefield,Whitefield,2025,27,68,95,,
North,North,Chikkabanavara,2025,13,104,117,,
North,North East,Chikkajala,2025,48,166,214,,
North,North East,Hebbala,2025,24,140,164,,
North,North East,Hennuru,2025,22,66,88,,
North,North East,Int. Aiport,2025,42,104,146,,
North,North,Jalahalli,2025,8,48,56,,
North,North,Kodigehalli,2025,13,97,110,,
North,North,Malleshwaram,2025,6,52,58,,
North,North,Peenya,2025,19,148,167,,
North,North East,R T Nagar,2025,7,26,33,,
North,North,Rajajinagar,2025,12,79,91,,
North,North East,Yalahanka,2025,54,203,257,,
North,North,Yashawanthapura,2025,18,84,102,,
South,South East,Adugodi,2025,7,59,66,,
South,South,Banashankari,2025,12,73,85,,
South,South,Basavanagudi,2025,6,76,82,,
South,HSR Layout,Bellanduru,2025,11,65,76,,
South,HSR Layout,Electronic City,2025,40,138,178,,
South,HSR Layout,HSR Layout,2025,12,52,64,,
South,South East,Hulimavu,2025,24,66,90,,
South,South,JP Nagar,2025,3,40,43,,
South,South,Jayanagar,2025,11,55,66,,
South,South,K S Layout,2025,9,68,77,,
South,South East,Madivala,2025,15,75,90,,
South,South East,Micolayout,2025,15,57,72,,
South,South,Thalagattapura,2025,28,123,151,,
South,South,VV Puram,2025,1,18,19,,
West,Central,Ashokanagar,2025,14,26,40,,
West,West,Bytarayanapura,2025,22,124,146,,
West,West,Chamarajpet,2025,4,13,17,,
West,West,City Market,2025,3,28,31,,
West,Central,Cubbon Park,2025,0,50,50,,
West,Central,H.Grounds,2025,2,49,51,,
West,West,Jnanabharathi,2025,18,140,158,,
West,Vijayanagar,Kamakshipalya,2025,23,170,193,,
West,West,Kengeri,2025,26,174,200,,
West,Vijayanagar,Magadi Road,2025,2,37,39,,
West,Central,S.S.Nagar,2025,4,58,62,,
West,West,Sheshadripuram/Chickpet,2025,3,15,18,,
West,Central,U.Gate,2025,5,62,67,,
West,West,Upparpet,2025,11,36,47,,
West,Vijayanagar,Vijayanagar,2025,12,65,77,,
West,Central,W.Garden,2025,8,32,40,,
