station,years_available,total_crashes,total_fatal_crashes,avg_annual_crashes,avg_annual_fatal_crashes,fatal_crash_pct
Airport,8,750,171,93.75,21.38,22.8
Yalahanka,8,1787,399,223.38,49.88,22.33
Whitefield,8,1243,270,155.38,33.75,21.72
HSR Layout,8,582,126,72.75,15.75,21.65
Chikkajala,8,1383,299,172.88,37.38,21.62
Madivala,8,575,117,71.88,14.62,20.35
Electronic City,8,1305,263,163.12,32.88,20.15
City Market,8,179,36,22.38,4.5,20.11
Upparpet,8,280,56,35.0,7.0,20.0
Jalahalli,8,750,149,93.75,18.62,19.87
Hebbala,8,1089,216,136.12,27.0,19.83
K G Halli,8,266,50,33.25,6.25,18.8
Kengeri,8,1302,243,162.75,30.38,18.66
Rajajinagar,8,633,114,79.12,14.25,18.01
Indiranagar,8,613,109,76.62,13.62,17.78
K R Puram,8,1767,304,220.88,38.0,17.2
Micolayout,8,588,100,73.5,12.5,17.01
Hulimavu,8,795,127,99.38,15.88,15.97
Jayanagar,8,606,94,75.75,11.75,15.51
Banasawadi,8,821,127,102.62,15.88,15.47
Kamakshipalya,8,1522,234,190.25,29.25,15.37
Chamarajpet,8,252,38,31.5,4.75,15.08
Peenya,8,1368,203,171.0,25.38,14.84
Shivajinagar,8,189,28,23.62,3.5,14.81
Banashankari,8,661,94,82.62,11.75,14.22
Ashokanagar,8,349,48,43.62,6.0,13.75
R T Nagar,8,535,70,66.88,8.75,13.08
W.Garden,8,439,55,54.88,6.88,12.53
Malleshwaram,8,551,66,68.88,8.25,11.98
Magadi Road,8,284,32,35.5,4.0,11.27
S.S.Nagar,8,497,56,62.12,7.0,11.27
Adugodi,8,381,41,47.62,5.12,10.76
Vijayanagar,8,737,75,92.12,9.38,10.18
U.Gate,8,382,36,47.75,4.5,9.42
H.Grounds,8,407,34,50.88,4.25,8.35
Basavanagudi,8,589,44,73.62,5.5,7.47
Cubbon Park,8,360,25,45.0,3.12,6.94
