station,years_available,first_year,last_year,total_crashes,total_fatal_crashes,total_people_killed,total_people_injured,avg_annual_crashes,avg_annual_fatal_crashes,fatal_crash_pct,recent_years_available,recent_total_crashes,recent_fatal_crashes,recent_avg_annual_crashes,recent_avg_annual_fatal_crashes,recent_fatal_crash_pct,crash_trend_per_year,recent_vs_historical_pct,crash_frequency_score,fatality_score,severity_score,recent_crash_score,recent_fatality_score,risk_score,risk_category,data_coverage,recent_data_status,risk_rank
Yalahanka,8,2018,2025,1787,399,308.0,1172.0,223.38,49.88,22.33,3.0,735.0,168.0,245.0,56.0,22.86,3.77,9.68,100.0,92.80425289538637,52.52307692307693,96.1864406779661,100.0,90.49,High,Strong,Complete,1
Int. Aiport,3,2023,2025,618,161,61.0,215.0,206.0,53.67,26.05,3.0,618.0,161.0,206.0,53.67,26.05,-43.0,0.0,91.53763754990749,100.0,63.96923076923077,79.66101694915254,95.76363636363637,86.76,High,Limited,Complete,2
K R Puram,8,2018,2025,1767,304,242.0,1036.0,220.88,38.0,17.2,3.0,762.0,109.0,254.0,36.33,14.3,1.18,15.0,98.78274418151719,70.24871843554206,36.738461538461536,100.0,64.23636363636363,78.89,High,Strong,Complete,3
Kengeri,8,2018,2025,1302,243,195.0,891.0,162.75,30.38,18.66,3.0,656.0,115.0,218.67,38.33,17.53,10.67,34.36,70.47911189015483,55.78127966584393,41.23076923076923,85.02966101694915,67.87272727272727,66.4,Medium,Strong,Complete,4
Chikkajala,8,2018,2025,1383,299,235.0,978.0,172.88,37.38,21.62,3.0,491.0,116.0,163.67,38.67,23.63,0.11,-5.33,75.41143246664718,69.07157774824378,50.33846153846153,61.724576271186436,68.49090909090908,65.92,Medium,Strong,Complete,5
Electronic City,8,2018,2025,1305,263,188.0,761.0,163.12,32.88,20.15,3.0,552.0,120.0,184.0,40.0,21.74,3.56,12.8,70.65926575129029,60.527814695272454,45.815384615384616,70.33898305084746,70.9090909090909,64.86,Medium,Strong,Complete,6
K.Swamy Lyt.,5,2018,2022,856,175,186.0,727.0,171.2,35.0,20.44,,,,,,,-8.2,,74.59343655662674,64.55287640022783,46.70769230769231,,,63.22,Medium,Moderate,Unavailable,7
Whitefield,8,2018,2025,1243,270,201.0,803.0,155.38,33.75,21.72,3.0,507.0,114.0,169.0,38.0,22.49,-1.94,8.77,66.89064173726752,62.179608885513574,50.64615384615385,63.983050847457626,67.27272727272727,62.84,Medium,Strong,Complete,8
Kamakshipalya,8,2018,2025,1522,234,200.0,1028.0,190.25,29.25,15.37,3.0,578.0,81.0,192.67,27.0,14.01,-2.36,1.27,83.86892589346577,53.63584583254224,31.107692307692307,74.01271186440678,47.27272727272727,61.95,Medium,Strong,Complete,9
Devanahalli,5,2018,2022,756,150,164.0,892.0,151.2,30.0,19.84,,,,,,,-0.6,,64.85539000876423,55.0598063413708,44.861538461538466,,,55.92,Medium,Moderate,Unavailable,10
Peenya,8,2018,2025,1368,203,160.0,953.0,171.0,25.38,14.84,3.0,496.0,77.0,165.33,25.67,15.52,-6.71,-3.31,74.49605609114812,46.2882096069869,29.47692307692308,62.42796610169492,44.85454545454546,54.64,Medium,Strong,Complete,11
Hebbala,8,2018,2025,1089,216,166.0,635.0,136.12,27.0,19.83,3.0,485.0,77.0,161.67,25.67,15.88,5.39,18.76,57.51290291167592,49.36396430605658,44.83076923076922,60.87711864406779,44.85454545454546,52.92,Medium,Strong,Complete,12
Bytarayanapura,3,2023,2025,474,60,19.0,125.0,158.0,20.0,12.66,3.0,474.0,60.0,158.0,20.0,12.66,-18.0,0.0,68.16632583503748,36.07366622365673,22.76923076923077,59.32203389830508,34.54545454545455,47.68,Medium,Limited,Complete,13
Jnanabharathi,2,2024,2025,299,40,0.0,0.0,149.5,20.0,13.38,2.0,299.0,40.0,149.5,20.0,13.38,17.0,0.0,64.02765605219594,36.07366622365673,24.984615384615388,55.720338983050844,34.54545454545455,46.08,Medium,Limited,Partial,14
B.Pura,5,2018,2022,631,114,117.0,473.0,126.2,22.8,18.07,,,,,,,8.3,,52.68283182393611,41.389785456616664,39.41538461538462,,,45.31,Medium,Moderate,Unavailable,15
Hennuru,3,2023,2025,318,77,24.0,84.0,106.0,25.67,24.21,3.0,318.0,77.0,106.0,25.67,24.21,-7.5,0.0,42.847404810594995,46.83880767040061,58.307692307692314,37.28813559322034,44.85454545454546,44.88,Medium,Limited,Complete,16
Thalagattapura,3,2023,2025,364,70,26.0,69.0,121.33,23.33,19.23,3.0,364.0,70.0,121.33,23.33,19.23,31.0,0.0,50.3116174895316,42.39605088285551,42.98461538461539,43.78389830508475,40.599999999999994,44.54,Medium,Limited,Complete,17
Yashawanthapura,3,2023,2025,306,64,22.0,82.0,102.0,21.33,20.92,3.0,306.0,64.0,102.0,21.33,20.92,-2.0,0.0,40.899795501022496,38.5988228593127,48.18461538461539,35.59322033898305,36.96363636363636,39.62,Low,Limited,Complete,18
Airport,8,2018,2025,750,171,131.0,434.0,93.75,21.38,22.8,3.0,267.0,60.0,89.0,20.0,22.47,-1.74,-5.07,36.88285130002921,38.69375355990127,53.96923076923077,30.08474576271186,34.54545454545455,37.76,Low,Strong,Complete,19
Mahadevapura,3,2023,2025,328,52,12.0,72.0,109.33,17.33,15.85,3.0,328.0,52.0,109.33,17.33,15.85,18.0,0.0,44.468789560814095,31.00436681222707,32.58461538461538,38.699152542372886,29.69090909090909,36.33,Low,Limited,Complete,20
Y.Pura,5,2018,2022,541,83,86.0,441.0,108.2,16.6,15.34,,,,,,,-20.7,,43.918589930859866,29.618378583633948,31.015384615384615,,,35.76,Low,Moderate,Unavailable,21
K S Layout,3,2023,2025,341,47,18.0,137.0,113.67,15.67,13.78,3.0,341.0,47.0,113.67,15.67,13.78,-38.5,0.0,46.58194566170026,27.85266755268654,26.21538461538461,40.53813559322034,26.672727272727272,35.28,Low,Limited,Complete,22
F.Town,5,2018,2022,98,37,37.0,51.0,19.6,7.4,37.76,,,,,,,-3.5,,0.7790437238290007,12.151129675337003,100.0,,,33.96,Low,Moderate,Unavailable,23
Jalahalli,8,2018,2025,750,149,131.0,564.0,93.75,18.62,19.87,3.0,227.0,51.0,75.67,17.0,22.47,-11.14,-19.29,36.88285130002921,33.45357888741219,44.95384615384616,24.436440677966104,29.09090909090909,33.13,Low,Strong,Complete,24
Hulimavu,8,2018,2025,795,127,97.0,577.0,99.38,15.88,15.97,3.0,269.0,50.0,89.67,16.67,18.59,-5.46,-9.77,39.624111403252506,28.251376495158535,32.95384615384616,30.368644067796613,28.490909090909096,32.37,Low,Strong,Complete,25
Chikkabanavara,2,2024,2025,207,29,0.0,0.0,103.5,14.5,14.01,2.0,207.0,29.0,103.5,14.5,14.01,27.0,0.0,41.63014899211218,25.631289158913994,26.923076923076923,36.228813559322035,24.545454545454547,32.31,Low,Limited,Partial,26
Ulsoor,5,2018,2022,357,72,74.0,307.0,71.4,14.4,20.17,,,,,,,-6.5,,26.000584282792875,25.44142775773685,45.876923076923084,,,31.8,Low,Moderate,Unavailable,27
Kodigehalli,1,2025,2025,110,13,0.0,0.0,110.0,13.0,11.82,1.0,110.0,13.0,110.0,13.0,11.82,,0.0,44.7950141201675,22.783368141256883,20.184615384615388,38.983050847457626,21.818181818181817,31.8,Low,Limited,Partial,28
Indiranagar,8,2018,2025,613,109,64.0,327.0,76.62,13.62,17.78,3.0,302.0,57.0,100.67,19.0,18.87,4.13,31.38,28.542214431784984,23.960508828555152,38.52307692307693,35.029661016949156,32.72727272727273,31.37,Low,Strong,Complete,29
Madivala,8,2018,2025,575,117,82.0,303.0,71.88,14.62,20.35,3.0,265.0,50.0,88.33,16.67,18.87,2.63,22.9,26.23429739994157,25.85912284032656,46.430769230769236,29.800847457627118,28.490909090909096,30.42,Low,Strong,Complete,30
Banasawadi,8,2018,2025,821,127,114.0,588.0,102.62,15.88,15.47,3.0,257.0,30.0,85.67,10.0,11.67,-5.94,-16.52,41.201674944006236,28.251376495158535,31.415384615384617,28.673728813559325,16.363636363636363,30.29,Low,Strong,Complete,31
Rajajinagar,8,2018,2025,633,114,94.0,378.0,79.12,14.25,18.01,3.0,292.0,39.0,97.33,13.0,13.36,6.63,23.01,29.7594702502678,25.156635655971137,39.23076923076923,33.61440677966102,21.818181818181817,30.03,Low,Strong,Complete,32
Micolayout,8,2018,2025,588,100,62.0,348.0,73.5,12.5,17.01,3.0,256.0,52.0,85.33,17.33,20.31,2.14,16.1,27.023079170318436,21.834061135371176,36.15384615384616,28.529661016949152,29.69090909090909,28.13,Low,Strong,Complete,33
HSR Layout,8,2018,2025,582,126,104.0,454.0,72.75,15.75,21.65,3.0,181.0,40.0,60.33,13.33,22.1,-6.26,-17.07,26.65790242477359,28.00455667362825,50.430769230769236,17.9364406779661,22.418181818181818,27.68,Low,Strong,Complete,34
Banashankari,8,2018,2025,661,94,72.0,414.0,82.62,11.75,14.22,3.0,254.0,38.0,84.67,12.67,14.96,-1.89,2.47,31.46362839614374,20.410100626542622,27.569230769230774,28.250000000000004,21.21818181818182,26.33,Low,Strong,Complete,35
Jayanagar,8,2018,2025,606,94,71.0,401.0,75.75,11.75,15.51,3.0,241.0,36.0,80.33,12.0,14.94,0.9,6.05,28.118609406952967,20.410100626542622,31.538461538461537,26.411016949152543,20.0,25.45,Low,Strong,Complete,36
Vijayanagar,8,2018,2025,737,75,57.0,542.0,92.12,9.38,10.18,3.0,214.0,34.0,71.33,11.33,15.89,-8.89,-22.57,36.08920050637842,15.91038541864439,15.13846153846154,22.597457627118644,18.78181818181818,22.94,Low,Strong,Complete,37
Bellanduru,3,2023,2025,176,34,9.0,34.0,58.67,11.33,19.32,3.0,176.0,34.0,58.67,11.33,19.32,16.5,0.0,19.80231765507839,19.612682741598633,43.261538461538464,17.23305084745763,18.78181818181818,22.49,Low,Limited,Complete,38
Halasooru,3,2023,2025,171,31,11.0,48.0,57.0,10.33,18.13,3.0,171.0,31.0,57.0,10.33,18.13,-12.0,0.0,18.989190768331873,17.714068729827225,39.599999999999994,16.52542372881356,16.963636363636365,20.91,Low,Limited,Complete,39
Malleshwaram,8,2018,2025,551,66,50.0,395.0,68.88,8.25,11.98,3.0,223.0,34.0,74.33,11.33,15.25,-2.85,7.92,24.773590417762197,13.7649515853427,20.676923076923078,23.86864406779661,18.78181818181818,20.83,Low,Strong,Complete,40
R T Nagar,8,2018,2025,535,70,59.0,341.0,66.88,8.75,13.08,3.0,176.0,22.0,58.67,7.33,12.5,-5.01,-12.27,23.799785762975944,14.714258591228402,24.06153846153846,17.23305084745763,11.50909090909091,18.54,Low,Strong,Complete,41
Basavanagudi,8,2018,2025,589,44,30.0,346.0,73.62,5.5,7.47,3.0,274.0,17.0,91.33,5.67,6.2,5.01,24.05,27.081507449605613,8.54376305297133,6.800000000000001,31.072033898305087,8.49090909090909,18.54,Low,Strong,Complete,42
Chickpet,7,2018,2024,317,58,51.0,222.0,45.29,8.29,18.3,2.0,87.0,17.0,43.5,8.5,19.54,-2.96,-3.94,13.287564514558378,13.840896145813552,40.12307692307693,10.805084745762713,13.636363636363635,16.86,Low,Moderate,Partial,43
Upparpet,8,2018,2025,280,56,34.0,154.0,35.0,7.0,20.0,3.0,122.0,31.0,40.67,10.33,25.41,0.52,16.19,8.277339565683125,11.391684070628441,45.353846153846156,9.605932203389832,16.963636363636365,16.1,Low,Strong,Complete,44
S.S.Nagar,8,2018,2025,497,56,47.0,323.0,62.12,7.0,11.27,3.0,162.0,17.0,54.0,5.67,10.49,-2.68,-13.08,21.48213068458467,11.391684070628441,18.49230769230769,15.254237288135593,8.49090909090909,15.51,Low,Strong,Complete,45
W.Garden,8,2018,2025,439,55,42.0,284.0,54.88,6.88,12.53,3.0,164.0,20.0,54.67,6.67,12.2,-0.94,-0.38,17.95695783425845,11.163850389215872,22.369230769230768,15.538135593220339,10.309090909090909,15.51,Low,Strong,Complete,46
K G Halli,8,2018,2025,266,50,32.0,148.0,33.25,6.25,18.8,3.0,142.0,24.0,47.33,8.0,16.9,4.38,42.36,7.425260492745156,9.967723561799886,41.66153846153847,12.427966101694915,12.727272727272727,15.12,Low,Strong,Complete,47
Pulikeshinagar,3,2023,2025,64,18,4.0,24.0,21.33,6.0,28.12,3.0,64.0,18.0,21.33,6.0,28.12,-4.0,0.0,1.6213847502191052,9.493070058857034,70.33846153846154,1.4110169491525417,9.090909090909092,14.57,Low,Limited,Complete,48
Adugodi,8,2018,2025,381,41,35.0,266.0,47.62,5.12,10.76,3.0,179.0,22.0,59.67,7.33,12.29,2.11,25.28,14.422046937384359,7.8222897284981965,16.923076923076923,17.656779661016948,11.50909090909091,13.85,Low,Strong,Complete,49
U.Gate,8,2018,2025,382,36,27.0,213.0,47.75,4.5,9.42,3.0,189.0,18.0,63.0,6.0,9.52,3.43,31.94,14.485344239945466,6.645149041199924,12.8,19.06779661016949,9.090909090909092,13.0,Low,Strong,Complete,50
Ashokanagar,8,2018,2025,349,48,32.0,254.0,43.62,6.0,13.75,3.0,113.0,24.0,37.67,8.0,21.24,-3.13,-13.66,12.47443762781186,9.493070058857034,26.123076923076923,8.334745762711865,12.727272727272727,12.93,Low,Strong,Complete,51
City Market,8,2018,2025,179,36,22.0,85.0,22.38,4.5,20.11,3.0,105.0,23.0,35.0,7.67,21.9,3.18,56.42,2.1326321939818866,6.645149041199924,45.69230769230769,7.203389830508475,12.127272727272727,12.34,Low,Strong,Complete,52
H.Grounds,8,2018,2025,407,34,25.0,257.0,50.88,4.25,8.35,3.0,162.0,15.0,54.0,5.0,9.26,-0.11,6.14,16.009348524685947,6.1704955382570725,9.507692307692308,15.254237288135593,7.2727272727272725,11.57,Low,Strong,Complete,53
Magadi Road,8,2018,2025,284,32,26.0,180.0,35.5,4.0,11.27,3.0,129.0,13.0,43.0,4.33,10.08,0.71,21.13,8.520790729379685,5.695842035314221,18.49230769230769,10.59322033898305,6.054545454545455,9.6,Low,Strong,Complete,54
Cubbon Park,8,2018,2025,360,25,20.0,244.0,45.0,3.12,6.94,3.0,154.0,8.0,51.33,2.67,5.19,0.55,14.07,13.146362839614373,4.025061704955383,5.169230769230771,14.1228813559322,3.036363636363636,8.85,Low,Strong,Complete,55
Chamarajpet,8,2018,2025,252,38,34.0,192.0,31.5,4.75,15.08,3.0,61.0,8.0,20.33,2.67,13.11,-3.36,-35.45,6.573181419807186,7.119802544142775,30.215384615384615,0.9872881355932197,3.036363636363636,8.3,Low,Strong,Complete,56
JP Nagar,1,2025,2025,43,3,0.0,0.0,43.0,3.0,6.98,1.0,43.0,3.0,43.0,3.0,6.98,,0.0,12.172558184828123,3.797228023542814,5.292307692307694,10.59322033898305,3.6363636363636362,7.79,Low,Limited,Partial,57
Shivajinagar,8,2018,2025,189,28,23.0,104.0,23.62,3.5,14.81,3.0,79.0,11.0,26.33,3.67,13.92,0.01,11.46,2.7363910799493625,4.746535029428517,29.384615384615387,3.529661016949152,4.8545454545454545,7.65,Low,Strong,Complete,58
Sheshadripuram/Chickpet,1,2025,2025,18,3,0.0,0.0,18.0,3.0,16.67,1.0,18.0,3.0,18.0,3.0,16.67,,0.0,0.0,3.797228023542814,35.10769230769231,0.0,3.6363636363636362,6.57,Low,Limited,Partial,59
VV Puram,1,2025,2025,19,1,0.0,0.0,19.0,1.0,5.26,1.0,19.0,1.0,19.0,1.0,5.26,,0.0,0.48690232739312495,0.0,0.0,0.423728813559322,0.0,0.23,Low,Limited,Partial,60
