station,years_available,first_year,last_year,total_crashes,total_fatal_crashes
Adugodi,8,2018,2025,381,41
Airport,8,2018,2025,750,171
Ashokanagar,8,2018,2025,349,48
Banasawadi,8,2018,2025,821,127
Banashankari,8,2018,2025,661,94
Basavanagudi,8,2018,2025,589,44
Chamarajpet,8,2018,2025,252,38
Chikkajala,8,2018,2025,1383,299
City Market,8,2018,2025,179,36
Cubbon Park,8,2018,2025,360,25
Electronic City,8,2018,2025,1305,263
H.Grounds,8,2018,2025,407,34
HSR Layout,8,2018,2025,582,126
Hebbala,8,2018,2025,1089,216
Hulimavu,8,2018,2025,795,127
Indiranagar,8,2018,2025,613,109
Jalahalli,8,2018,2025,750,149
Jayanagar,8,2018,2025,606,94
K G Halli,8,2018,2025,266,50
K R Puram,8,2018,2025,1767,304
Kamakshipalya,8,2018,2025,1522,234
Kengeri,8,2018,2025,1302,243
Madivala,8,2018,2025,575,117
Magadi Road,8,2018,2025,284,32
Malleshwaram,8,2018,2025,551,66
Micolayout,8,2018,2025,588,100
Peenya,8,2018,2025,1368,203
R T Nagar,8,2018,2025,535,70
Rajajinagar,8,2018,2025,633,114
S.S.Nagar,8,2018,2025,497,56
Shivajinagar,8,2018,2025,189,28
U.Gate,8,2018,2025,382,36
Upparpet,8,2018,2025,280,56
Vijayanagar,8,2018,2025,737,75
W.Garden,8,2018,2025,439,55
Whitefield,8,2018,2025,1243,270
Yalahanka,8,2018,2025,1787,399
Chickpet,7,2018,2024,317,58
B.Pura,5,2018,2022,631,114
Devanahalli,5,2018,2022,756,150
F.Town,5,2018,2022,98,37
K.Swamy Lyt.,5,2018,2022,856,175
Ulsoor,5,2018,2022,357,72
Y.Pura,5,2018,2022,541,83
Bellanduru,3,2023,2025,176,34
Bytarayanapura,3,2023,2025,474,60
Halasooru,3,2023,2025,171,31
Hennuru,3,2023,2025,318,77
Int. Aiport,3,2023,2025,618,161
K S Layout,3,2023,2025,341,47
Mahadevapura,3,2023,2025,328,52
Pulikeshinagar,3,2023,2025,64,18
Thalagattapura,3,2023,2025,364,70
Yashawanthapura,3,2023,2025,306,64
Chikkabanavara,2,2024,2025,207,29
Jnanabharathi,2,2024,2025,299,40
JP Nagar,1,2025,2025,43,3
Kodigehalli,1,2025,2025,110,13
Sheshadripuram/Chickpet,1,2025,2025,18,3
VV Puram,1,2025,2025,19,1
