risk_rank,station,risk_score,risk_category,data_coverage,recent_data_status,years_available,first_year,last_year,avg_annual_crashes,avg_annual_fatal_crashes,fatal_crash_pct,recent_avg_annual_crashes,recent_avg_annual_fatal_crashes,crash_trend_per_year,trend_category,priority_flag
1,Yalahanka,90.49,High,Strong,Complete,8,2018,2025,223.38,49.88,22.33,245.0,56.0,3.77,Increasing,High Priority
2,Int. Aiport,86.76,High,Limited,Complete,3,2023,2025,206.0,53.67,26.05,206.0,53.67,-43.0,Strongly Decreasing,High Risk - Limited Data
3,K R Puram,78.89,High,Strong,Complete,8,2018,2025,220.88,38.0,17.2,254.0,36.33,1.18,Increasing,High Priority
4,Kengeri,66.4,Medium,Strong,Complete,8,2018,2025,162.75,30.38,18.66,218.67,38.33,10.67,Strongly Increasing,Monitor Closely
5,Chikkajala,65.92,Medium,Strong,Complete,8,2018,2025,172.88,37.38,21.62,163.67,38.67,0.11,Increasing,Normal Monitoring
6,Electronic City,64.86,Medium,Strong,Complete,8,2018,2025,163.12,32.88,20.15,184.0,40.0,3.56,Increasing,Normal Monitoring
7,K.Swamy Lyt.,63.22,Medium,Moderate,Unavailable,5,2018,2022,171.2,35.0,20.44,,,-8.2,Strongly Decreasing,Normal Monitoring
8,Whitefield,62.84,Medium,Strong,Complete,8,2018,2025,155.38,33.75,21.72,169.0,38.0,-1.94,Stable / Slightly Decreasing,Normal Monitoring
9,Kamakshipalya,61.95,Medium,Strong,Complete,8,2018,2025,190.25,29.25,15.37,192.67,27.0,-2.36,Stable / Slightly Decreasing,Normal Monitoring
10,Devanahalli,55.92,Medium,Moderate,Unavailable,5,2018,2022,151.2,30.0,19.84,,,-0.6,Stable / Slightly Decreasing,Normal Monitoring
11,Peenya,54.64,Medium,Strong,Complete,8,2018,2025,171.0,25.38,14.84,165.33,25.67,-6.71,Strongly Decreasing,Normal Monitoring
12,Hebbala,52.92,Medium,Strong,Complete,8,2018,2025,136.12,27.0,19.83,161.67,25.67,5.39,Strongly Increasing,Monitor Closely
13,Bytarayanapura,47.68,Medium,Limited,Complete,3,2023,2025,158.0,20.0,12.66,158.0,20.0,-18.0,Strongly Decreasing,Normal Monitoring
14,Jnanabharathi,46.08,Medium,Limited,Partial,2,2024,2025,149.5,20.0,13.38,149.5,20.0,17.0,Strongly Increasing,Monitor Closely
15,B.Pura,45.31,Medium,Moderate,Unavailable,5,2018,2022,126.2,22.8,18.07,,,8.3,Strongly Increasing,Monitor Closely
16,Hennuru,44.88,Medium,Limited,Complete,3,2023,2025,106.0,25.67,24.21,106.0,25.67,-7.5,Strongly Decreasing,Normal Monitoring
17,Thalagattapura,44.54,Medium,Limited,Complete,3,2023,2025,121.33,23.33,19.23,121.33,23.33,31.0,Strongly Increasing,Monitor Closely
18,Yashawanthapura,39.62,Low,Limited,Complete,3,2023,2025,102.0,21.33,20.92,102.0,21.33,-2.0,Stable / Slightly Decreasing,Normal Monitoring
19,Airport,37.76,Low,Strong,Complete,8,2018,2025,93.75,21.38,22.8,89.0,20.0,-1.74,Stable / Slightly Decreasing,Normal Monitoring
20,Mahadevapura,36.33,Low,Limited,Complete,3,2023,2025,109.33,17.33,15.85,109.33,17.33,18.0,Strongly Increasing,Normal Monitoring
21,Y.Pura,35.76,Low,Moderate,Unavailable,5,2018,2022,108.2,16.6,15.34,,,-20.7,Strongly Decreasing,Normal Monitoring
22,K S Layout,35.28,Low,Limited,Complete,3,2023,2025,113.67,15.67,13.78,113.67,15.67,-38.5,Strongly Decreasing,Normal Monitoring
23,F.Town,33.96,Low,Moderate,Unavailable,5,2018,2022,19.6,7.4,37.76,,,-3.5,Stable / Slightly Decreasing,Normal Monitoring
24,Jalahalli,33.13,Low,Strong,Complete,8,2018,2025,93.75,18.62,19.87,75.67,17.0,-11.14,Strongly Decreasing,Normal Monitoring
25,Hulimavu,32.37,Low,Strong,Complete,8,2018,2025,99.38,15.88,15.97,89.67,16.67,-5.46,Strongly Decreasing,Normal Monitoring
26,Chikkabanavara,32.31,Low,Limited,Partial,2,2024,2025,103.5,14.5,14.01,103.5,14.5,27.0,Strongly Increasing,Normal Monitoring
27,Ulsoor,31.8,Low,Moderate,Unavailable,5,2018,2022,71.4,14.4,20.17,,,-6.5,Strongly Decreasing,Normal Monitoring
28,Kodigehalli,31.8,Low,Limited,Partial,1,2025,2025,110.0,13.0,11.82,110.0,13.0,,Unknown,Normal Monitoring
29,Indiranagar,31.37,Low,Strong,Complete,8,2018,2025,76.62,13.62,17.78,100.67,19.0,4.13,Increasing,Normal Monitoring
30,Madivala,30.42,Low,Strong,Complete,8,2018,2025,71.88,14.62,20.35,88.33,16.67,2.63,Increasing,Normal Monitoring
31,Banasawadi,30.29,Low,Strong,Complete,8,2018,2025,102.62,15.88,15.47,85.67,10.0,-5.94,Strongly Decreasing,Normal Monitoring
32,Rajajinagar,30.03,Low,Strong,Complete,8,2018,2025,79.12,14.25,18.01,97.33,13.0,6.63,Strongly Increasing,Normal Monitoring
33,Micolayout,28.13,Low,Strong,Complete,8,2018,2025,73.5,12.5,17.01,85.33,17.33,2.14,Increasing,Normal Monitoring
34,HSR Layout,27.68,Low,Strong,Complete,8,2018,2025,72.75,15.75,21.65,60.33,13.33,-6.26,Strongly Decreasing,Normal Monitoring
35,Banashankari,26.33,Low,Strong,Complete,8,2018,2025,82.62,11.75,14.22,84.67,12.67,-1.89,Stable / Slightly Decreasing,Normal Monitoring
36,Jayanagar,25.45,Low,Strong,Complete,8,2018,2025,75.75,11.75,15.51,80.33,12.0,0.9,Increasing,Normal Monitoring
37,Vijayanagar,22.94,Low,Strong,Complete,8,2018,2025,92.12,9.38,10.18,71.33,11.33,-8.89,Strongly Decreasing,Normal Monitoring
38,Bellanduru,22.49,Low,Limited,Complete,3,2023,2025,58.67,11.33,19.32,58.67,11.33,16.5,Strongly Increasing,Normal Monitoring
39,Halasooru,20.91,Low,Limited,Complete,3,2023,2025,57.0,10.33,18.13,57.0,10.33,-12.0,Strongly Decreasing,Normal Monitoring
40,Malleshwaram,20.83,Low,Strong,Complete,8,2018,2025,68.88,8.25,11.98,74.33,11.33,-2.85,Stable / Slightly Decreasing,Normal Monitoring
41,R T Nagar,18.54,Low,Strong,Complete,8,2018,2025,66.88,8.75,13.08,58.67,7.33,-5.01,Strongly Decreasing,Normal Monitoring
42,Basavanagudi,18.54,Low,Strong,Complete,8,2018,2025,73.62,5.5,7.47,91.33,5.67,5.01,Strongly Increasing,Normal Monitoring
43,Chickpet,16.86,Low,Moderate,Partial,7,2018,2024,45.29,8.29,18.3,43.5,8.5,-2.96,Stable / Slightly Decreasing,Normal Monitoring
44,Upparpet,16.1,Low,Strong,Complete,8,2018,2025,35.0,7.0,20.0,40.67,10.33,0.52,Increasing,Normal Monitoring
45,S.S.Nagar,15.51,Low,Strong,Complete,8,2018,2025,62.12,7.0,11.27,54.0,5.67,-2.68,Stable / Slightly Decreasing,Normal Monitoring
46,W.Garden,15.51,Low,Strong,Complete,8,2018,2025,54.88,6.88,12.53,54.67,6.67,-0.94,Stable / Slightly Decreasing,Normal Monitoring
47,K G Halli,15.12,Low,Strong,Complete,8,2018,2025,33.25,6.25,18.8,47.33,8.0,4.38,Increasing,Normal Monitoring
48,Pulikeshinagar,14.57,Low,Limited,Complete,3,2023,2025,21.33,6.0,28.12,21.33,6.0,-4.0,Stable / Slightly Decreasing,Normal Monitoring
49,Adugodi,13.85,Low,Strong,Complete,8,2018,2025,47.62,5.12,10.76,59.67,7.33,2.11,Increasing,Normal Monitoring
50,U.Gate,13.0,Low,Strong,Complete,8,2018,2025,47.75,4.5,9.42,63.0,6.0,3.43,Increasing,Normal Monitoring
51,Ashokanagar,12.93,Low,Strong,Complete,8,2018,2025,43.62,6.0,13.75,37.67,8.0,-3.13,Stable / Slightly Decreasing,Normal Monitoring
52,City Market,12.34,Low,Strong,Complete,8,2018,2025,22.38,4.5,20.11,35.0,7.67,3.18,Increasing,Normal Monitoring
53,H.Grounds,11.57,Low,Strong,Complete,8,2018,2025,50.88,4.25,8.35,54.0,5.0,-0.11,Stable / Slightly Decreasing,Normal Monitoring
54,Magadi Road,9.6,Low,Strong,Complete,8,2018,2025,35.5,4.0,11.27,43.0,4.33,0.71,Increasing,Normal Monitoring
55,Cubbon Park,8.85,Low,Strong,Complete,8,2018,2025,45.0,3.12,6.94,51.33,2.67,0.55,Increasing,Normal Monitoring
56,Chamarajpet,8.3,Low,Strong,Complete,8,2018,2025,31.5,4.75,15.08,20.33,2.67,-3.36,Stable / Slightly Decreasing,Normal Monitoring
57,JP Nagar,7.79,Low,Limited,Partial,1,2025,2025,43.0,3.0,6.98,43.0,3.0,,Unknown,Normal Monitoring
58,Shivajinagar,7.65,Low,Strong,Complete,8,2018,2025,23.62,3.5,14.81,26.33,3.67,0.01,Increasing,Normal Monitoring
59,Sheshadripuram/Chickpet,6.57,Low,Limited,Partial,1,2025,2025,18.0,3.0,16.67,18.0,3.0,,Unknown,Normal Monitoring
60,VV Puram,0.23,Low,Limited,Partial,1,2025,2025,19.0,1.0,5.26,19.0,1.0,,Unknown,Normal Monitoring
