station,years_available,first_year,last_year,total_crashes,total_fatal_crashes,total_people_killed,total_people_injured,avg_annual_crashes,avg_annual_fatal_crashes,fatal_crash_pct,recent_years_available,recent_total_crashes,recent_fatal_crashes,recent_avg_annual_crashes,recent_avg_annual_fatal_crashes,recent_fatal_crash_pct,crash_trend_per_year,recent_vs_historical_pct
Yalahanka,8,2018,2025,1787,399,308.0,1172.0,223.38,49.88,22.33,3.0,735.0,168.0,245.0,56.0,22.86,3.77,9.68
K R Puram,8,2018,2025,1767,304,242.0,1036.0,220.88,38.0,17.2,3.0,762.0,109.0,254.0,36.33,14.3,1.18,15.0
Int. Aiport,3,2023,2025,618,161,61.0,215.0,206.0,53.67,26.05,3.0,618.0,161.0,206.0,53.67,26.05,-43.0,0.0
Kamakshipalya,8,2018,2025,1522,234,200.0,1028.0,190.25,29.25,15.37,3.0,578.0,81.0,192.67,27.0,14.01,-2.36,1.27
Chikkajala,8,2018,2025,1383,299,235.0,978.0,172.88,37.38,21.62,3.0,491.0,116.0,163.67,38.67,23.63,0.11,-5.33
K.Swamy Lyt.,5,2018,2022,856,175,186.0,727.0,171.2,35.0,20.44,,,,,,,-8.2,
Peenya,8,2018,2025,1368,203,160.0,953.0,171.0,25.38,14.84,3.0,496.0,77.0,165.33,25.67,15.52,-6.71,-3.31
Electronic City,8,2018,2025,1305,263,188.0,761.0,163.12,32.88,20.15,3.0,552.0,120.0,184.0,40.0,21.74,3.56,12.8
Kengeri,8,2018,2025,1302,243,195.0,891.0,162.75,30.38,18.66,3.0,656.0,115.0,218.67,38.33,17.53,10.67,34.36
Bytarayanapura,3,2023,2025,474,60,19.0,125.0,158.0,20.0,12.66,3.0,474.0,60.0,158.0,20.0,12.66,-18.0,0.0
Whitefield,8,2018,2025,1243,270,201.0,803.0,155.38,33.75,21.72,3.0,507.0,114.0,169.0,38.0,22.49,-1.94,8.77
Devanahalli,5,2018,2022,756,150,164.0,892.0,151.2,30.0,19.84,,,,,,,-0.6,
Jnanabharathi,2,2024,2025,299,40,0.0,0.0,149.5,20.0,13.38,2.0,299.0,40.0,149.5,20.0,13.38,17.0,0.0
Hebbala,8,2018,2025,1089,216,166.0,635.0,136.12,27.0,19.83,3.0,485.0,77.0,161.67,25.67,15.88,5.39,18.76
B.Pura,5,2018,2022,631,114,117.0,473.0,126.2,22.8,18.07,,,,,,,8.3,
Thalagattapura,3,2023,2025,364,70,26.0,69.0,121.33,23.33,19.23,3.0,364.0,70.0,121.33,23.33,19.23,31.0,0.0
K S Layout,3,2023,2025,341,47,18.0,137.0,113.67,15.67,13.78,3.0,341.0,47.0,113.67,15.67,13.78,-38.5,0.0
Kodigehalli,1,2025,2025,110,13,0.0,0.0,110.0,13.0,11.82,1.0,110.0,13.0,110.0,13.0,11.82,,0.0
Mahadevapura,3,2023,2025,328,52,12.0,72.0,109.33,17.33,15.85,3.0,328.0,52.0,109.33,17.33,15.85,18.0,0.0
Y.Pura,5,2018,2022,541,83,86.0,441.0,108.2,16.6,15.34,,,,,,,-20.7,
Hennuru,3,2023,2025,318,77,24.0,84.0,106.0,25.67,24.21,3.0,318.0,77.0,106.0,25.67,24.21,-7.5,0.0
Chikkabanavara,2,2024,2025,207,29,0.0,0.0,103.5,14.5,14.01,2.0,207.0,29.0,103.5,14.5,14.01,27.0,0.0
Banasawadi,8,2018,2025,821,127,114.0,588.0,102.62,15.88,15.47,3.0,257.0,30.0,85.67,10.0,11.67,-5.94,-16.52
Yashawanthapura,3,2023,2025,306,64,22.0,82.0,102.0,21.33,20.92,3.0,306.0,64.0,102.0,21.33,20.92,-2.0,0.0
Hulimavu,8,2018,2025,795,127,97.0,577.0,99.38,15.88,15.97,3.0,269.0,50.0,89.67,16.67,18.59,-5.46,-9.77
Airport,8,2018,2025,750,171,131.0,434.0,93.75,21.38,22.8,3.0,267.0,60.0,89.0,20.0,22.47,-1.74,-5.07
Jalahalli,8,2018,2025,750,149,131.0,564.0,93.75,18.62,19.87,3.0,227.0,51.0,75.67,17.0,22.47,-11.14,-19.29
Vijayanagar,8,2018,2025,737,75,57.0,542.0,92.12,9.38,10.18,3.0,214.0,34.0,71.33,11.33,15.89,-8.89,-22.57
Banashankari,8,2018,2025,661,94,72.0,414.0,82.62,11.75,14.22,3.0,254.0,38.0,84.67,12.67,14.96,-1.89,2.47
Rajajinagar,8,2018,2025,633,114,94.0,378.0,79.12,14.25,18.01,3.0,292.0,39.0,97.33,13.0,13.36,6.63,23.01
Indiranagar,8,2018,2025,613,109,64.0,327.0,76.62,13.62,17.78,3.0,302.0,57.0,100.67,19.0,18.87,4.13,31.38
Jayanagar,8,2018,2025,606,94,71.0,401.0,75.75,11.75,15.51,3.0,241.0,36.0,80.33,12.0,14.94,0.9,6.05
Basavanagudi,8,2018,2025,589,44,30.0,346.0,73.62,5.5,7.47,3.0,274.0,17.0,91.33,5.67,6.2,5.01,24.05
Micolayout,8,2018,2025,588,100,62.0,348.0,73.5,12.5,17.01,3.0,256.0,52.0,85.33,17.33,20.31,2.14,16.1
HSR Layout,8,2018,2025,582,126,104.0,454.0,72.75,15.75,21.65,3.0,181.0,40.0,60.33,13.33,22.1,-6.26,-17.07
Madivala,8,2018,2025,575,117,82.0,303.0,71.88,14.62,20.35,3.0,265.0,50.0,88.33,16.67,18.87,2.63,22.9
Ulsoor,5,2018,2022,357,72,74.0,307.0,71.4,14.4,20.17,,,,,,,-6.5,
Malleshwaram,8,2018,2025,551,66,50.0,395.0,68.88,8.25,11.98,3.0,223.0,34.0,74.33,11.33,15.25,-2.85,7.92
R T Nagar,8,2018,2025,535,70,59.0,341.0,66.88,8.75,13.08,3.0,176.0,22.0,58.67,7.33,12.5,-5.01,-12.27
S.S.Nagar,8,2018,2025,497,56,47.0,323.0,62.12,7.0,11.27,3.0,162.0,17.0,54.0,5.67,10.49,-2.68,-13.08
Bellanduru,3,2023,2025,176,34,9.0,34.0,58.67,11.33,19.32,3.0,176.0,34.0,58.67,11.33,19.32,16.5,0.0
Halasooru,3,2023,2025,171,31,11.0,48.0,57.0,10.33,18.13,3.0,171.0,31.0,57.0,10.33,18.13,-12.0,0.0
W.Garden,8,2018,2025,439,55,42.0,284.0,54.88,6.88,12.53,3.0,164.0,20.0,54.67,6.67,12.2,-0.94,-0.38
H.Grounds,8,2018,2025,407,34,25.0,257.0,50.88,4.25,8.35,3.0,162.0,15.0,54.0,5.0,9.26,-0.11,6.14
U.Gate,8,2018,2025,382,36,27.0,213.0,47.75,4.5,9.42,3.0,189.0,18.0,63.0,6.0,9.52,3.43,31.94
Adugodi,8,2018,2025,381,41,35.0,266.0,47.62,5.12,10.76,3.0,179.0,22.0,59.67,7.33,12.29,2.11,25.28
Chickpet,7,2018,2024,317,58,51.0,222.0,45.29,8.29,18.3,2.0,87.0,17.0,43.5,8.5,19.54,-2.96,-3.94
Cubbon Park,8,2018,2025,360,25,20.0,244.0,45.0,3.12,6.94,3.0,154.0,8.0,51.33,2.67,5.19,0.55,14.07
Ashokanagar,8,2018,2025,349,48,32.0,254.0,43.62,6.0,13.75,3.0,113.0,24.0,37.67,8.0,21.24,-3.13,-13.66
JP Nagar,1,2025,2025,43,3,0.0,0.0,43.0,3.0,6.98,1.0,43.0,3.0,43.0,3.0,6.98,,0.0
Magadi Road,8,2018,2025,284,32,26.0,180.0,35.5,4.0,11.27,3.0,129.0,13.0,43.0,4.33,10.08,0.71,21.13
Upparpet,8,2018,2025,280,56,34.0,154.0,35.0,7.0,20.0,3.0,122.0,31.0,40.67,10.33,25.41,0.52,16.19
K G Halli,8,2018,2025,266,50,32.0,148.0,33.25,6.25,18.8,3.0,142.0,24.0,47.33,8.0,16.9,4.38,42.36
Chamarajpet,8,2018,2025,252,38,34.0,192.0,31.5,4.75,15.08,3.0,61.0,8.0,20.33,2.67,13.11,-3.36,-35.45
Shivajinagar,8,2018,2025,189,28,23.0,104.0,23.62,3.5,14.81,3.0,79.0,11.0,26.33,3.67,13.92,0.01,11.46
City Market,8,2018,2025,179,36,22.0,85.0,22.38,4.5,20.11,3.0,105.0,23.0,35.0,7.67,21.9,3.18,56.42
Pulikeshinagar,3,2023,2025,64,18,4.0,24.0,21.33,6.0,28.12,3.0,64.0,18.0,21.33,6.0,28.12,-4.0,0.0
F.Town,5,2018,2022,98,37,37.0,51.0,19.6,7.4,37.76,,,,,,,-3.5,
VV Puram,1,2025,2025,19,1,0.0,0.0,19.0,1.0,5.26,1.0,19.0,1.0,19.0,1.0,5.26,,0.0
Sheshadripuram/Chickpet,1,2025,2025,18,3,0.0,0.0,18.0,3.0,16.67,1.0,18.0,3.0,18.0,3.0,16.67,,0.0
