risk_rank,station,risk_score,risk_category,priority_flag,data_coverage,years_available,avg_annual_crashes,avg_annual_fatal_crashes,fatal_crash_pct,recent_avg_annual_crashes,crash_trend_per_year,trend_category,latitude,longitude,location_status
1,Yalahanka,90.49,High,High Priority,Strong,8,223.38,49.88,22.33,245.0,3.77,Increasing,,,Not Geocoded
2,Int. Aiport,86.76,High,High Risk - Limited Data,Limited,3,206.0,53.67,26.05,206.0,-43.0,Strongly Decreasing,,,Not Geocoded
3,K R Puram,78.89,High,High Priority,Strong,8,220.88,38.0,17.2,254.0,1.18,Increasing,,,Not Geocoded
4,Kengeri,66.4,Medium,Monitor Closely,Strong,8,162.75,30.38,18.66,218.67,10.67,Strongly Increasing,,,Not Geocoded
5,Chikkajala,65.92,Medium,Normal Monitoring,Strong,8,172.88,37.38,21.62,163.67,0.11,Increasing,,,Not Geocoded
6,Electronic City,64.86,Medium,Normal Monitoring,Strong,8,163.12,32.88,20.15,184.0,3.56,Increasing,,,Not Geocoded
7,K.Swamy Lyt.,63.22,Medium,Normal Monitoring,Moderate,5,171.2,35.0,20.44,,-8.2,Strongly Decreasing,,,Not Geocoded
8,Whitefield,62.84,Medium,Normal Monitoring,Strong,8,155.38,33.75,21.72,169.0,-1.94,Stable / Slightly Decreasing,,,Not Geocoded
9,Kamakshipalya,61.95,Medium,Normal Monitoring,Strong,8,190.25,29.25,15.37,192.67,-2.36,Stable / Slightly Decreasing,,,Not Geocoded
10,Devanahalli,55.92,Medium,Normal Monitoring,Moderate,5,151.2,30.0,19.84,,-0.6,Stable / Slightly Decreasing,,,Not Geocoded
11,Peenya,54.64,Medium,Normal Monitoring,Strong,8,171.0,25.38,14.84,165.33,-6.71,Strongly Decreasing,,,Not Geocoded
12,Hebbala,52.92,Medium,Monitor Closely,Strong,8,136.12,27.0,19.83,161.67,5.39,Strongly Increasing,,,Not Geocoded
13,Bytarayanapura,47.68,Medium,Normal Monitoring,Limited,3,158.0,20.0,12.66,158.0,-18.0,Strongly Decreasing,,,Not Geocoded
14,Jnanabharathi,46.08,Medium,Monitor Closely,Limited,2,149.5,20.0,13.38,149.5,17.0,Strongly Increasing,,,Not Geocoded
15,B.Pura,45.31,Medium,Monitor Closely,Moderate,5,126.2,22.8,18.07,,8.3,Strongly Increasing,,,Not Geocoded
16,Hennuru,44.88,Medium,Normal Monitoring,Limited,3,106.0,25.67,24.21,106.0,-7.5,Strongly Decreasing,,,Not Geocoded
17,Thalagattapura,44.54,Medium,Monitor Closely,Limited,3,121.33,23.33,19.23,121.33,31.0,Strongly Increasing,,,Not Geocoded
18,Yashawanthapura,39.62,Low,Normal Monitoring,Limited,3,102.0,21.33,20.92,102.0,-2.0,Stable / Slightly Decreasing,,,Not Geocoded
19,Airport,37.76,Low,Normal Monitoring,Strong,8,93.75,21.38,22.8,89.0,-1.74,Stable / Slightly Decreasing,,,Not Geocoded
20,Mahadevapura,36.33,Low,Normal Monitoring,Limited,3,109.33,17.33,15.85,109.33,18.0,Strongly Increasing,,,Not Geocoded
21,Y.Pura,35.76,Low,Normal Monitoring,Moderate,5,108.2,16.6,15.34,,-20.7,Strongly Decreasing,,,Not Geocoded
22,K S Layout,35.28,Low,Normal Monitoring,Limited,3,113.67,15.67,13.78,113.67,-38.5,Strongly Decreasing,,,Not Geocoded
23,F.Town,33.96,Low,Normal Monitoring,Moderate,5,19.6,7.4,37.76,,-3.5,Stable / Slightly Decreasing,,,Not Geocoded
24,Jalahalli,33.13,Low,Normal Monitoring,Strong,8,93.75,18.62,19.87,75.67,-11.14,Strongly Decreasing,,,Not Geocoded
25,Hulimavu,32.37,Low,Normal Monitoring,Strong,8,99.38,15.88,15.97,89.67,-5.46,Strongly Decreasing,,,Not Geocoded
26,Chikkabanavara,32.31,Low,Normal Monitoring,Limited,2,103.5,14.5,14.01,103.5,27.0,Strongly Increasing,,,Not Geocoded
27,Ulsoor,31.8,Low,Normal Monitoring,Moderate,5,71.4,14.4,20.17,,-6.5,Strongly Decreasing,,,Not Geocoded
28,Kodigehalli,31.8,Low,Normal Monitoring,Limited,1,110.0,13.0,11.82,110.0,,Unknown,,,Not Geocoded
29,Indiranagar,31.37,Low,Normal Monitoring,Strong,8,76.62,13.62,17.78,100.67,4.13,Increasing,,,Not Geocoded
30,Madivala,30.42,Low,Normal Monitoring,Strong,8,71.88,14.62,20.35,88.33,2.63,Increasing,,,Not Geocoded
31,Banasawadi,30.29,Low,Normal Monitoring,Strong,8,102.62,15.88,15.47,85.67,-5.94,Strongly Decreasing,,,Not Geocoded
32,Rajajinagar,30.03,Low,Normal Monitoring,Strong,8,79.12,14.25,18.01,97.33,6.63,Strongly Increasing,,,Not Geocoded
33,Micolayout,28.13,Low,Normal Monitoring,Strong,8,73.5,12.5,17.01,85.33,2.14,Increasing,,,Not Geocoded
34,HSR Layout,27.68,Low,Normal Monitoring,Strong,8,72.75,15.75,21.65,60.33,-6.26,Strongly Decreasing,,,Not Geocoded
35,Banashankari,26.33,Low,Normal Monitoring,Strong,8,82.62,11.75,14.22,84.67,-1.89,Stable / Slightly Decreasing,,,Not Geocoded
36,Jayanagar,25.45,Low,Normal Monitoring,Strong,8,75.75,11.75,15.51,80.33,0.9,Increasing,,,Not Geocoded
37,Vijayanagar,22.94,Low,Normal Monitoring,Strong,8,92.12,9.38,10.18,71.33,-8.89,Strongly Decreasing,,,Not Geocoded
38,Bellanduru,22.49,Low,Normal Monitoring,Limited,3,58.67,11.33,19.32,58.67,16.5,Strongly Increasing,,,Not Geocoded
39,Halasooru,20.91,Low,Normal Monitoring,Limited,3,57.0,10.33,18.13,57.0,-12.0,Strongly Decreasing,,,Not Geocoded
40,Malleshwaram,20.83,Low,Normal Monitoring,Strong,8,68.88,8.25,11.98,74.33,-2.85,Stable / Slightly Decreasing,,,Not Geocoded
41,R T Nagar,18.54,Low,Normal Monitoring,Strong,8,66.88,8.75,13.08,58.67,-5.01,Strongly Decreasing,,,Not Geocoded
42,Basavanagudi,18.54,Low,Normal Monitoring,Strong,8,73.62,5.5,7.47,91.33,5.01,Strongly Increasing,,,Not Geocoded
43,Chickpet,16.86,Low,Normal Monitoring,Moderate,7,45.29,8.29,18.3,43.5,-2.96,Stable / Slightly Decreasing,,,Not Geocoded
44,Upparpet,16.1,Low,Normal Monitoring,Strong,8,35.0,7.0,20.0,40.67,0.52,Increasing,,,Not Geocoded
45,S.S.Nagar,15.51,Low,Normal Monitoring,Strong,8,62.12,7.0,11.27,54.0,-2.68,Stable / Slightly Decreasing,,,Not Geocoded
46,W.Garden,15.51,Low,Normal Monitoring,Strong,8,54.88,6.88,12.53,54.67,-0.94,Stable / Slightly Decreasing,,,Not Geocoded
47,K G Halli,15.12,Low,Normal Monitoring,Strong,8,33.25,6.25,18.8,47.33,4.38,Increasing,,,Not Geocoded
48,Pulikeshinagar,14.57,Low,Normal Monitoring,Limited,3,21.33,6.0,28.12,21.33,-4.0,Stable / Slightly Decreasing,,,Not Geocoded
49,Adugodi,13.85,Low,Normal Monitoring,Strong,8,47.62,5.12,10.76,59.67,2.11,Increasing,,,Not Geocoded
50,U.Gate,13.0,Low,Normal Monitoring,Strong,8,47.75,4.5,9.42,63.0,3.43,Increasing,,,Not Geocoded
51,Ashokanagar,12.93,Low,Normal Monitoring,Strong,8,43.62,6.0,13.75,37.67,-3.13,Stable / Slightly Decreasing,,,Not Geocoded
52,City Market,12.34,Low,Normal Monitoring,Strong,8,22.38,4.5,20.11,35.0,3.18,Increasing,,,Not Geocoded
53,H.Grounds,11.57,Low,Normal Monitoring,Strong,8,50.88,4.25,8.35,54.0,-0.11,Stable / Slightly Decreasing,,,Not Geocoded
54,Magadi Road,9.6,Low,Normal Monitoring,Strong,8,35.5,4.0,11.27,43.0,0.71,Increasing,,,Not Geocoded
55,Cubbon Park,8.85,Low,Normal Monitoring,Strong,8,45.0,3.12,6.94,51.33,0.55,Increasing,,,Not Geocoded
56,Chamarajpet,8.3,Low,Normal Monitoring,Strong,8,31.5,4.75,15.08,20.33,-3.36,Stable / Slightly Decreasing,,,Not Geocoded
57,JP Nagar,7.79,Low,Normal Monitoring,Limited,1,43.0,3.0,6.98,43.0,,Unknown,,,Not Geocoded
58,Shivajinagar,7.65,Low,Normal Monitoring,Strong,8,23.62,3.5,14.81,26.33,0.01,Increasing,,,Not Geocoded
59,Sheshadripuram/Chickpet,6.57,Low,Normal Monitoring,Limited,1,18.0,3.0,16.67,18.0,,Unknown,,,Not Geocoded
60,VV Puram,0.23,Low,Normal Monitoring,Limited,1,19.0,1.0,5.26,19.0,,Unknown,,,Not Geocoded
