raw_station_name,canonical_station_name,mapping_type,confidence,notes
Adugodi,Adugodi,unchanged,HIGH,
Airport,Airport,unchanged,HIGH,
Ashokanagar,Ashokanagar,unchanged,HIGH,
B.Pura,B.Pura,REVIEW,PENDING,
Banasawadi,Banasawadi,unchanged,HIGH,
Banashankari,Banashankari,unchanged,HIGH,
Basavanagudi,Basavanagudi,unchanged,HIGH,
Bellanduru,Bellanduru,unchanged,HIGH,
Bytarayanapura,Bytarayanapura,REVIEW,PENDING,
Chamarajapet,Chamarajpet,standardized,HIGH,
Chamarajpet,Chamarajpet,unchanged,HIGH,
Chickpet,Chickpet,REVIEW,PENDING,
Chikjala,Chikkajala,standardized,HIGH,
Chikkabanavara,Chikkabanavara,unchanged,HIGH,
Chikkajala,Chikkajala,unchanged,HIGH,
City Market,City Market,unchanged,HIGH,
Cubbon Park,Cubbon Park,unchanged,HIGH,
Devanahalli,Devanahalli,REVIEW,PENDING,
Electronic City,Electronic City,unchanged,HIGH,
F.Town,F.Town,unchanged,HIGH,
H.Grounds,H.Grounds,unchanged,HIGH,
HSR Layout,HSR Layout,unchanged,HIGH,
Halasooru,Halasooru,unchanged,HIGH,
Hebbala,Hebbala,unchanged,HIGH,
Hennuru,Hennuru,unchanged,HIGH,
HuliMavu,Hulimavu,standardized,HIGH,
Hulimavu,Hulimavu,unchanged,HIGH,
Indiranagar,Indiranagar,unchanged,HIGH,
Int. Aiport,Int. Aiport,unchanged,HIGH,
JP Nagar,JP Nagar,unchanged,HIGH,
Jalahalli,Jalahalli,unchanged,HIGH,
Jayanagar,Jayanagar,unchanged,HIGH,
Jnanabharathi,Jnanabharathi,unchanged,HIGH,
K G Halli,K G Halli,unchanged,HIGH,
K R Puram,K R Puram,REVIEW,PENDING,
K S Layout,K S Layout,REVIEW,PENDING,
K.R.Pura,K R Puram,REVIEW,PENDING,
K.Swamy Lyt.,K.Swamy Lyt.,REVIEW,PENDING,
Kamakshipalya,Kamakshipalya,unchanged,HIGH,
Kengeri,Kengeri,unchanged,HIGH,
Kodigehalli,Kodigehalli,unchanged,HIGH,
Madivala,Madivala,unchanged,HIGH,
Magadi Road,Magadi Road,unchanged,HIGH,
Mahadevapura,Mahadevapura,REVIEW,PENDING,
Malleshwaram,Malleshwaram,unchanged,HIGH,
Malleswaram,Malleshwaram,standardized,HIGH,
Mico layout,Micolayout,standardized,HIGH,
Micolayout,Micolayout,unchanged,HIGH,
Peenya,Peenya,unchanged,HIGH,
Pulikeshinagar,Pulikeshinagar,unchanged,HIGH,
R T Nagar,R T Nagar,unchanged,HIGH,
RT Nagar,R T Nagar,standardized,HIGH,
Rajajinagar,Rajajinagar,unchanged,HIGH,
S.S.Nagar,S.S.Nagar,unchanged,HIGH,
Sheshadripuram/Chickpet,Sheshadripuram/Chickpet,REVIEW,PENDING,
Shivajinagar,Shivajinagar,unchanged,HIGH,
Thalagattapura,Thalagattapura,unchanged,HIGH,
U.Gate,U.Gate,unchanged,HIGH,
Ulsoor,Ulsoor,unchanged,HIGH,
Upparpet,Upparpet,unchanged,HIGH,
VV Puram,VV Puram,unchanged,HIGH,
Vijayanagar,Vijayanagar,unchanged,HIGH,
W.Garden,W.Garden,unchanged,HIGH,
White Field,Whitefield,standardized,HIGH,
Whitefield,Whitefield,unchanged,HIGH,
Y.Pura,Y.Pura,REVIEW,PENDING,
Yalahanka,Yalahanka,REVIEW,PENDING,
Yashawanthapura,Yashawanthapura,unchanged,HIGH,
Yelahanka,Yalahanka,REVIEW,PENDING,
